726261,Truong Thien,Huy,Male,04/05/1979,77578,CzechRepublic
126301,Vo Van Ga,Sin,Male,09/07/1988,62217,CzechRepublic
608999,Tran Thanh,Hao,Female,29/10/1978,62217,CzechRepublic
445166,Nguyen Ngoc Hoai,Sang,Male,01/10/1984,83197,CzechRepublic
143343,Hoang Ngoc,Anh,Male,10/08/1970,87286,CzechRepublic
325674,Le Hau,Vinh,Male,11/05/1970,87286,CzechRepublic
595523,Nguyen Duy,Minh,Male,06/11/1981,83197,CzechRepublic
157237,Kieu Minh,Tien,Male,27/09/1981,37456,CzechRepublic
296044,Hoang Quoc,Truong,Male,23/09/1991,62217,CzechRepublic
645919,Nguyen Huynh Quoc,Viet,Male,19/06/2000,62217,CzechRepublic
139893,Nguyen Le Thien,Khoa,Male,11/08/1981,54249,CzechRepublic
207572,Le Quang,Thuan,Male,04/01/1991,77578,CzechRepublic
415013,Le Phu Vinh,Hien,Male,23/12/2002,87286,CzechRepublic
563727,Nguyen Chi,Thanh,Male,10/10/1991,37456,CzechRepublic
185688,Tran Duc Minh,Thuan,Male,04/03/1965,54249,CzechRepublic
492396,Le Thanh Kien,An,Male,15/01/1975,83197,CzechRepublic
405999,Quach Do Khanh,Trieu,Male,01/10/1966,52260,CzechRepublic
235607,Nguyen Khanh,Duy,Male,01/07/1983,62217,CzechRepublic
897543,Luu Kien,Van,Male,01/01/1989,55906,CzechRepublic
189126,Dang Huu Quang,Tri,Male,07/10/1980,54249,CzechRepublic
175762,Nguyen Huu Nhat,Truong,Male,26/04/1997,62217,CzechRepublic
455468,Doan Ba,Tung,Male,11/09/1972,62217,CzechRepublic
461578,Phan Ngoc,Son,Male,18/07/1985,77578,CzechRepublic
235169,Truong Huu,Tai,Male,07/03/2001,54249,CzechRepublic
710124,Lam Gia,Khanh,Male,14/05/1989,55906,CzechRepublic
236858,Nguyen Thi Bach,Mai,Male,14/04/1970,62217,CzechRepublic
439848,Thai Khanh,Ha,Male,22/11/1997,66551,CzechRepublic
540568,Lieu Quoc,Hao,Female,02/07/1990,37456,CzechRepublic
965323,Nguyen Vo Hoang,Vu,Male,13/07/1965,55906,CzechRepublic
543140,Ta Van,Huy,Male,15/01/1966,62217,CzechRepublic
723241,Le Quang Dang,Khoa,Male,05/10/1968,63966,CzechRepublic
758166,Banh Uyen,Nhi,Male,24/12/1978,83197,CzechRepublic
727403,Pham Do Trong,Dai,Male,28/02/1978,77578,CzechRepublic