261444,Phan Anh,Khoa,Male,01/03/1992,83197,Austria
684623,Doan Dai,Nghia,Male,07/02/1996,54249,Austria
793618,Le Dang Vinh,An,Male,22/10/1971,62217,Austria
586026,Vo Duy,Tan,Male,09/11/1972,54249,Austria
523639,Do Huu,Phu,Male,02/05/1966,62217,Austria
851284,Truong Viet,Hung,Male,08/11/2004,87286,Austria
768795,Hoang Phuong,Nam,Female,06/08/2001,37456,Austria
540071,Tang Anh,Khuong,Male,21/07/1996,54249,Austria
740799,To Khanh,Phat,Male,04/07/2002,63966,Austria
509151,Hoang Van,Dung,Male,03/05/1997,37456,Austria
162515,Dong Kim,Long,Male,24/12/1999,37456,Austria
974361,Do Nguyen,Phuong,Male,06/02/1962,77578,Austria
282399,Hong Thanh,Minh,Female,15/12/1991,55906,Austria
970631,Ly Chi,Toan,Male,30/07/1971,87286,Austria
264252,Dang Hong,Tin,Male,28/01/2001,62217,Austria
539073,Nguyen Thuan,Cuong,Male,18/12/1978,63966,Austria
298959,Chiem Truong,An,Male,13/10/1985,37456,Austria
320360,Nguyen Phuc Tam,Nguyen,Male,30/01/2001,52260,Austria
822539,Nguyen Thi My,Duyen,Male,08/04/1969,55906,Austria
403729,Diep Nguyen Trong,Phuc,Male,07/10/1985,52260,Austria
331326,Pham Ngoc,Thang,Male,28/05/1995,54249,Austria
885529,Nguyen Phuong,Nam,Male,26/03/1986,77578,Austria
651698,Doan Quoc,Huy,Male,18/01/1988,54249,Austria
826179,Ngo Van Quang,Truong,Male,20/08/1979,52260,Austria
967635,Ta Huynh Cong,Huyen,Male,09/01/1970,52260,Austria
567036,Chiem Tien,Khang,Female,04/05/1967,52260,Austria
861337,Lu Trong,Phu,Male,20/11/1999,63966,Austria
685204,Tang Minh,Phuc,Male,02/02/1974,83197,Austria
142721,To Thi Bich,Tuyen,Male,19/11/1990,52260,Austria
768792,Hoang Gia,Huy,Male,10/05/1987,63966,Austria
652453,Nguyen My,Anh,Female,06/05/1969,37456,Austria
483630,Le Ho Bao,Khang,Female,08/10/1989,52260,Austria
386599,Nguyen Hoang Huy,Tam,Female,27/10/1964,55906,Austria
334745,Nguyen Cao Hai,Dang,Male,21/11/1999,87286,Austria
917267,Ngo Tran,Do,Male,08/09/1982,37456,Austria
945888,Le Tran Thai,My,Male,22/07/1964,87286,Austria
381970,Truong,Dinh,Male,09/04/2001,87286,Austria
503238,Tat Tan,Lam,Male,28/02/1974,37456,Austria