252600,Tran Nhu,Phong,Male,21/06/1966,77578,Bulgaria
138338,Pham Van,Ngoc,Male,02/08/1971,77578,Bulgaria
712374,Phan Thanh,Trong,Male,06/03/1989,55906,Bulgaria
846787,Le Trong,Hoang,Male,20/07/1981,54249,Bulgaria
491300,Vo Dinh Hoang,Linh,Male,04/06/1979,63966,Bulgaria
133169,Nguyen Trong,Tuan,Male,04/08/1976,66551,Bulgaria
353773,Tran Khang,Vi,Male,05/08/1986,52260,Bulgaria
601951,Le Nguyen Thanh,Binh,Male,06/06/1972,62217,Bulgaria
560755,Phan Hai,An,Male,30/06/1989,54249,Bulgaria
838912,Nguyen Vu Phong,Binh,Male,23/03/1967,54249,Bulgaria
211807,Bui Van,Nguyen,Male,11/02/1970,77578,Bulgaria
713546,Le Hong,Nhon,Male,20/09/1965,52260,Bulgaria
850659,Huynh Thanh,Phong,Male,06/12/1974,52260,Bulgaria
969542,Ha Sy,Duc,Male,30/07/1999,63966,Bulgaria
933402,Do Van,Duoc,Male,26/11/2000,77578,Bulgaria
268671,Ha Duong Quoc,Vi,Male,16/03/2000,63966,Bulgaria
689480,Huynh Dang,Khoa,Male,18/11/1969,77578,Bulgaria
207040,Mai Vinh,Hien,Male,17/08/1974,77578,Bulgaria
677666,Nguyen Tran Huy,Vien,Male,05/09/1994,77578,Bulgaria
809853,Huynh Tran Tuan,Duy,Male,17/06/1977,87286,Bulgaria
243770,Van Nguyen Hoang,Thanh,Male,05/07/1990,63966,Bulgaria
174492,Nguyen Ngoc Lan,Anh,Male,13/03/1970,63966,Bulgaria
436135,Duong Thuy,Chuong,Male,14/01/1974,77578,Bulgaria
133524,Nghiem Minh,Tien,Male,28/04/1976,83197,Bulgaria
476983,Nguyen Tran Yen,Vy,Male,23/11/1974,55906,Bulgaria
973344,Phan Khang,Vi,Male,12/06/1966,87286,Bulgaria
823556,Dinh Dong,Thuc,Male,28/11/1993,87286,Bulgaria
203910,Thi Ngoc,Phu,Female,10/02/1991,83197,Bulgaria
960938,Dang Dang,Duy,Male,30/03/1997,83197,Bulgaria
715810,Ngo Xuan,Hieu,Male,31/12/1999,37456,Bulgaria
512625,Duong Minh,Ngoc,Male,26/04/1973,83197,Bulgaria
556871,Tran Thi My,Nhi,Male,18/01/1986,66551,Bulgaria
573881,Nguyen Le Bao,Thy,Male,18/07/1983,63966,Bulgaria
815766,Phan Truong,Giang,Male,01/07/1993,55906,Bulgaria
472018,Cao Tieu,My,Male,19/04/1983,66551,Bulgaria
249680,Dao Nhat,Tan,Male,28/05/2003,77578,Bulgaria
775110,Ho Hai,Hieu,Female,27/06/1980,54249,Bulgaria
573772,Nguyen Phan Quoc,Hung,Female,20/08/1993,83197,Bulgaria