677104,Nguyen Ngoc Ai,Dan,Female,05/07/2003,77578,Belgium
289068,Nguyen Duc,Tri,Male,29/10/2001,87286,Belgium
954930,Bui Ngoc,Khai,Male,14/08/1983,66551,Belgium
621903,Quach Kim,Hung,Male,17/04/1998,55906,Belgium
348171,Phan Nhat,Nam,Male,14/11/1992,87286,Belgium
953137,Trinh Quoc,Minh,Male,16/11/1969,77578,Belgium
427779,Ta Nguyen Quy,Duong,Male,22/05/1986,62217,Belgium
278220,Tran Trung,Kien,Male,20/08/1999,63966,Belgium
746672,Dao Kim,Thien,Male,06/12/1994,77578,Belgium
222458,Tao Huu,Tho,Male,19/02/1968,52260,Belgium
395619,Dao Vinh,Phat,Male,13/07/1971,63966,Belgium
141828,Bui Huynh Hao,Thien,Male,02/02/1970,55906,Belgium
874146,Le Quoc,Cuong,Male,03/04/1988,87286,Belgium
348129,Nguyen Le Ngoc,Phuc,Male,16/07/1989,83197,Belgium
465988,Le Ngoc Xuan,Tuyen,Male,15/02/1983,83197,Belgium
586990,Nguyen Bao,Van,Male,13/11/1972,52260,Belgium
148068,Trinh Van,Thuong,Male,19/09/1983,66551,Belgium
554949,Nguyen Hoang Trung,Tin,Male,25/03/1992,83197,Belgium
541219,Le Hoang Ngoc,Thuy,Female,10/12/1994,87286,Belgium
982581,Tran Binh,Trong,Male,10/10/1963,83197,Belgium
147537,Nguyen Hoang Y,Tho,Male,30/05/2001,54249,Belgium
342667,Nguyen Thuy,Hang,Male,18/02/1985,37456,Belgium
134625,Vien Hoang,Long,Male,25/11/1991,62217,Belgium
685633,Le Hien,Luong,Male,17/09/1981,37456,Belgium
490942,Dang Anh,Tu,Male,09/07/1964,66551,Belgium
565214,Than Trong Huynh,Nhan,Male,20/09/2001,83197,Belgium
320305,Le Thi Thanh,Tuyen,Male,15/02/1966,66551,Belgium
328919,Quach,Thinh,Male,15/05/1984,63966,Belgium
569192,Ho Viet,Ha,Male,11/08/1972,37456,Belgium
359130,Vo Thanh,Van,Female,02/05/1986,54249,Belgium
691256,Thai Ngoc,Phu,Male,07/06/1993,54249,Belgium
702568,Ta Trung,Hieu,Male,24/07/1998,66551,Belgium
711512,Nguyen The,Anh,Male,08/11/2004,55906,Belgium
463073,Truong Khanh,Duy,Female,03/08/1991,77578,Belgium
702358,Nguyen Phan Minh,Khang,Male,03/07/1976,62217,Belgium
535141,Pham Nguyen Hoang,Quan,Male,27/08/1980,77578,Belgium
653119,Le Nguyen Khanh,Duy,Male,29/07/1965,54249,Belgium
665735,Dinh Nguyen Thanh,Tuyen,Female,09/03/1974,55906,Belgium
835388,Mai Nguyen Thai,Hoc,Female,05/11/2002,37456,Belgium
690690,Do Dang,Co,Male,14/09/2000,63966,Belgium
955976,Cao Tran Trung,Hieu,Male,17/10/2000,62217,Belgium
310572,Le Tran Ngoc Duy,Khanh,Male,20/09/1989,83197,Belgium
295774,Phan Nguyen,Nam,Male,03/07/1994,54249,Belgium
505873,Vo Kim,Quan,Male,25/05/1989,77578,Belgium