474734,Pham Le,Vinh,Male,30/01/1979,63966,Spain
375100,Le Anh,Duong,Male,13/10/1985,87286,Spain
250342,Le Thanh,Tuan,Male,08/12/2002,77578,Spain
911258,Do Quang,Van,Male,10/01/1970,62217,Spain
798620,Ho Le,Binh,Male,09/01/1963,52260,Spain
209541,Do Phat,Huy,Male,19/09/1976,63966,Spain
702639,Ngo Dinh Minh,Tri,Male,05/01/1971,55906,Spain
216517,Dang Binh,Thanh,Female,04/01/1971,77578,Spain
909239,Pham Truong,Vinh,Male,30/04/1992,62217,Spain
640142,Huynh Tai,Tri,Male,18/07/1984,62217,Spain
833456,Thai Minh,Thong,Male,31/01/1982,87286,Spain
336447,Nguyen Thi Ngoc,Diep,Male,17/12/1965,62217,Spain
193576,Thanh Dai,Khoa,Male,05/07/1969,66551,Spain
384593,Nguyen Tran Bao,Dai,Male,05/06/1987,37456,Spain
480220,Dao Phuoc,Minh,Male,31/10/1983,83197,Spain
144874,Son Mai Diem,My,Male,07/08/2000,54249,Spain
898310,Le Hung,Duy,Male,20/07/1975,55906,Spain
728918,Nguyen Tran Khanh,Duy,Male,17/06/1973,55906,Spain
909878,Pham Ngoc Thanh,Huy,Male,26/08/1974,52260,Spain
863501,Huynh Huu,Tri,Male,04/03/1967,62217,Spain
593909,Le Dinh Trung,Tin,Male,05/12/1987,54249,Spain
812574,Nguyen Thi Thu,Tram,Female,12/09/1973,83197,Spain
383627,Bui Quoc,Huy,Male,03/10/1985,83197,Spain
429924,Nguyen An Hoang,Kiet,Female,27/05/1998,83197,Spain
213783,Dang Vi,Nhien,Male,09/06/1989,62217,Spain
213567,Hoang Nhat,Tan,Male,21/12/1995,66551,Spain
611554,Phan Trung,Nhan,Male,19/07/1963,63966,Spain
209613,Pham Huynh Anh,Tien,Male,31/03/1964,83197,Spain
800993,Nguyen Hung Hoai,Nam,Male,18/06/1978,63966,Spain
360711,Lam Chi,Cuong,Male,15/03/1964,83197,Spain
429267,Trinh Anh,Khoa,Male,02/10/2003,66551,Spain
615405,Pham Trinh Hoang,Long,Male,01/05/2001,54249,Spain
923104,Phan Tri,Cao,Male,27/05/1972,87286,Spain
973989,Nguyen Ho Thanh,Son,Male,16/10/1981,83197,Spain