125627,Nguyen Ngoc Minh,Tu,Male,18/01/1983,87286,Slovenia
945268,Trieu Gia,Bao,Male,19/01/1992,87286,Slovenia
931423,Phuong Hoai,Bao,Male,06/04/1986,62217,Slovenia
246201,Doan Van,Trong,Female,28/02/1963,63966,Slovenia
724012,Dang Ngoc Huy,Hoang,Male,26/01/1962,54249,Slovenia
846764,Phan Van,Thai,Male,03/10/1993,62217,Slovenia
760747,Nguyen Phat,Thinh,Male,05/04/1999,55906,Slovenia
894057,Vo Nguyen Huy,Hoang,Male,12/11/1989,54249,Slovenia
500556,Nguyen Tran Minh,Quan,Male,08/11/1993,52260,Slovenia
856820,Nguyen Tung,Chau,Male,19/03/1970,87286,Slovenia
740139,Ly Vo Dong,Giang,Male,16/03/1962,62217,Slovenia
855751,Pham Tien,Dung,Male,28/01/2004,54249,Slovenia
818443,Pham Viet,Hoang,Male,20/11/1999,55906,Slovenia
788871,Dao Huu Hoang,Quan,Male,12/09/1967,37456,Slovenia
513165,Bui Quang,Khai,Male,08/09/1996,83197,Slovenia
261719,Dang Hoang Dong,Phuong,Male,09/04/1980,77578,Slovenia
525831,Phan Xuan,Thu,Male,24/10/1982,87286,Slovenia
159500,Ho Xuan Anh,Vu,Male,12/07/1963,54249,Slovenia
190589,Le Minh Khanh,Du,Male,27/05/1974,66551,Slovenia
830266,Ngo Trung,Kien,Male,13/08/1977,83197,Slovenia
637399,Lu Duc,Anh,Male,06/04/1998,87286,Slovenia
890621,Le Tan,Khoa,Male,27/06/1962,37456,Slovenia
673891,Cao Bao,Thai,Male,21/05/1989,83197,Slovenia
205199,Dinh Tan,Sang,Male,05/06/1968,52260,Slovenia
286913,Nguyen Thi Kim,Ngoc,Male,20/05/1993,63966,Slovenia
165018,Tran Si,Nguyen,Female,06/04/2002,83197,Slovenia
732144,Vo Tuong,Vi,Male,24/08/2003,62217,Slovenia