942374,Huynh Le Thi Tuyet,Nhi,Female,06/10/1995,52260,Slovakia
716089,Nguyen Anh,Quoc,Male,19/07/2000,87286,Slovakia
598042,Trinh Tan,Khai,Male,22/02/1996,87286,Slovakia
794692,Cao Minh,Canh,Male,01/12/1999,63966,Slovakia
269281,Nguyen Hoang Ky,Thao,Male,25/02/1973,55906,Slovakia
402106,Pham Duy,Khanh,Male,14/09/1969,54249,Slovakia
915355,Ma Gia,Han,Female,22/01/2002,54249,Slovakia
639040,Vuong Duc,Tri,Male,11/09/1989,77578,Slovakia
617736,Bui Nguyen Ngoc,Bao,Male,07/12/1968,62217,Slovakia
904561,Nhan Tan,Hao,Male,12/12/1996,63966,Slovakia
297562,Nguyen Thi Tu,Quy,Male,02/10/1975,77578,Slovakia
408520,Vo Van,Toan,Male,11/03/1979,83197,Slovakia
635475,Nguyen Le Duy,Nhan,Male,04/04/1997,83197,Slovakia
405044,M'bodj Cam,Nhu,Male,11/11/1977,54249,Slovakia
566297,Le Kieu,Anh,Male,09/01/1986,77578,Slovakia
254802,Chung Sung,Khang,Male,28/07/1978,52260,Slovakia
283703,Vo Lam Duy,Thuan,Male,13/01/1963,83197,Slovakia
747710,Nguyen Hoang Thu,Ngan,Male,22/05/1981,55906,Slovakia
967470,Nguyen Le Dong,Trieu,Male,13/12/1968,62217,Slovakia
539678,Nguyen Van Khanh,An,Male,28/10/1980,54249,Slovakia
250179,Nguyen Ho Tuong,Vy,Male,05/09/1966,52260,Slovakia
290278,Pham Bui Gia,Bao,Female,12/10/2000,83197,Slovakia
423578,Thai Thi Thanh,Nhan,Male,27/04/1979,55906,Slovakia
131182,Nguyen An,Khanh,Male,26/10/1995,77578,Slovakia
520338,Hoang Phi,Hung,Male,30/06/1970,63966,Slovakia
528943,Vo Chi,Nghia,Male,13/11/2003,63966,Slovakia
396024,Dinh The,Toan,Female,28/12/1962,54249,Slovakia